CREATE DATABASE  IF NOT EXISTS `track_surat` /*!40100 DEFAULT CHARACTER SET latin1 */;
USE `track_surat`;
-- MySQL dump 10.13  Distrib 8.0.19, for Win64 (x86_64)
--
-- Host: 127.0.0.1    Database: track_surat
-- ------------------------------------------------------
-- Server version	5.7.24

/*!40101 SET @OLD_CHARACTER_SET_CLIENT=@@CHARACTER_SET_CLIENT */;
/*!40101 SET @OLD_CHARACTER_SET_RESULTS=@@CHARACTER_SET_RESULTS */;
/*!40101 SET @OLD_COLLATION_CONNECTION=@@COLLATION_CONNECTION */;
/*!50503 SET NAMES utf8 */;
/*!40103 SET @OLD_TIME_ZONE=@@TIME_ZONE */;
/*!40103 SET TIME_ZONE='+00:00' */;
/*!40014 SET @OLD_UNIQUE_CHECKS=@@UNIQUE_CHECKS, UNIQUE_CHECKS=0 */;
/*!40014 SET @OLD_FOREIGN_KEY_CHECKS=@@FOREIGN_KEY_CHECKS, FOREIGN_KEY_CHECKS=0 */;
/*!40101 SET @OLD_SQL_MODE=@@SQL_MODE, SQL_MODE='NO_AUTO_VALUE_ON_ZERO' */;
/*!40111 SET @OLD_SQL_NOTES=@@SQL_NOTES, SQL_NOTES=0 */;

--
-- Table structure for table `ci_sessions`
--

DROP TABLE IF EXISTS `ci_sessions`;
/*!40101 SET @saved_cs_client     = @@character_set_client */;
/*!50503 SET character_set_client = utf8mb4 */;
CREATE TABLE `ci_sessions` (
  `id` varchar(128) NOT NULL,
  `ip_address` varchar(45) NOT NULL,
  `timestamp` int(10) unsigned NOT NULL DEFAULT '0',
  `data` blob NOT NULL,
  KEY `ci_sessions_timestamp` (`timestamp`)
) ENGINE=InnoDB DEFAULT CHARSET=utf8mb4;
/*!40101 SET character_set_client = @saved_cs_client */;

--
-- Dumping data for table `ci_sessions`
--

LOCK TABLES `ci_sessions` WRITE;
/*!40000 ALTER TABLE `ci_sessions` DISABLE KEYS */;
INSERT INTO `ci_sessions` VALUES ('6gec9q4ic8i73h30mmfq594frj0mgme3','127.0.0.1',1574358982,_binary '__ci_last_regenerate|i:1574358982;identity|s:12:\"TEAMPENELAAH\";username|s:12:\"TEAMPENELAAH\";email|N;user_id|s:1:\"2\";old_last_login|s:10:\"1574329880\";last_check|i:1574358627;'),('uqjr44vphvsjlirupi30vfstohha9q6s','127.0.0.1',1574359464,_binary '__ci_last_regenerate|i:1574359464;identity|s:3:\"KPA\";username|s:3:\"KPA\";email|N;user_id|s:1:\"3\";old_last_login|s:10:\"1574358612\";last_check|i:1574358988;'),('fu3fsp6oulusdsv4rc6871vs253vblg9','127.0.0.1',1574365570,_binary '__ci_last_regenerate|i:1574365570;identity|s:7:\"MONITOR\";username|s:7:\"MONITOR\";email|N;user_id|s:1:\"4\";old_last_login|s:10:\"1574234390\";last_check|i:1574365254;'),('2v1tofrieiodt5rsj9osvd0ms0r0orc3','127.0.0.1',1574366603,_binary '__ci_last_regenerate|i:1574366603;identity|s:3:\"KPA\";username|s:3:\"KPA\";email|N;user_id|s:1:\"3\";old_last_login|s:10:\"1574365965\";last_check|i:1574366164;'),('dtmpskm5n078ddvljl980uv98633gee3','127.0.0.1',1574367106,_binary '__ci_last_regenerate|i:1574367106;identity|s:3:\"KPA\";username|s:3:\"KPA\";email|N;user_id|s:1:\"3\";old_last_login|s:10:\"1574366682\";last_check|i:1574366787;'),('379eh7lphfit8h2jqb3bi39r7ibevjpm','127.0.0.1',1574367404,_binary '__ci_last_regenerate|i:1574367106;identity|s:3:\"KPA\";username|s:3:\"KPA\";email|N;user_id|s:1:\"3\";old_last_login|s:10:\"1574366682\";last_check|i:1574366787;'),('vjbs3eoebeno9des9049hpumoomvpee4','127.0.0.1',1574404065,_binary '__ci_last_regenerate|i:1574404065;identity|s:12:\"TEAMPENELAAH\";username|s:12:\"TEAMPENELAAH\";email|N;user_id|s:1:\"2\";old_last_login|s:10:\"1574366760\";last_check|i:1574403849;'),('aq4l5q34d0jbf5akv2qj6nfr5hhkj79s','127.0.0.1',1574405443,_binary '__ci_last_regenerate|i:1574405443;identity|s:7:\"MONITOR\";username|s:7:\"MONITOR\";email|N;user_id|s:1:\"4\";old_last_login|s:10:\"1574365940\";last_check|i:1574405072;'),('ir3cdumehgfhiarvt787volb2ipnti7g','127.0.0.1',1574409436,_binary '__ci_last_regenerate|i:1574409436;identity|s:9:\"SUBBAGIAN\";username|s:9:\"SUBBAGIAN\";email|N;user_id|s:1:\"1\";old_last_login|s:10:\"1574405541\";last_check|i:1574406283;'),('rs1v7cm5hhu1lsk6ohoipjurp03j0cu7','127.0.0.1',1574409989,_binary '__ci_last_regenerate|i:1574409989;identity|s:12:\"TEAMPENELAAH\";username|s:12:\"TEAMPENELAAH\";email|N;user_id|s:1:\"2\";old_last_login|s:10:\"1574406159\";last_check|i:1574409498;'),('5cus4e7qmcsoktmblvq0vmnddqhd7mep','127.0.0.1',1574410297,_binary '__ci_last_regenerate|i:1574410297;identity|s:12:\"TEAMPENELAAH\";username|s:12:\"TEAMPENELAAH\";email|N;user_id|s:1:\"2\";old_last_login|s:10:\"1574406159\";last_check|i:1574409498;'),('lmn1mq7qerb8mmrffj7l30odicc7h7r3','127.0.0.1',1574410631,_binary '__ci_last_regenerate|i:1574410631;identity|s:12:\"TEAMPENELAAH\";username|s:12:\"TEAMPENELAAH\";email|N;user_id|s:1:\"2\";old_last_login|s:10:\"1574406159\";last_check|i:1574409498;'),('ospb38t7nirfh49bghvfv1dtrkq0jn24','127.0.0.1',1574410961,_binary '__ci_last_regenerate|i:1574410961;identity|s:12:\"TEAMPENELAAH\";username|s:12:\"TEAMPENELAAH\";email|N;user_id|s:1:\"2\";old_last_login|s:10:\"1574406159\";last_check|i:1574409498;'),('g398ivjs0d1vrnbcum9sbp3oqd8a91h7','127.0.0.1',1574411275,_binary '__ci_last_regenerate|i:1574411275;identity|s:12:\"TEAMPENELAAH\";username|s:12:\"TEAMPENELAAH\";email|N;user_id|s:1:\"2\";old_last_login|s:10:\"1574406159\";last_check|i:1574409498;'),('g44c67g74dv6chqhqjhhaljl23ffnof3','127.0.0.1',1574411580,_binary '__ci_last_regenerate|i:1574411580;identity|s:12:\"TEAMPENELAAH\";username|s:12:\"TEAMPENELAAH\";email|N;user_id|s:1:\"2\";old_last_login|s:10:\"1574406159\";last_check|i:1574409498;'),('hpjp47ph2lr1fae3n69pfbp9if7597og','127.0.0.1',1574411890,_binary '__ci_last_regenerate|i:1574411890;identity|s:12:\"TEAMPENELAAH\";username|s:12:\"TEAMPENELAAH\";email|N;user_id|s:1:\"2\";old_last_login|s:10:\"1574406159\";last_check|i:1574409498;'),('j9jmflks4opnqdt26nbgm37rh2qd9jge','127.0.0.1',1574412389,_binary '__ci_last_regenerate|i:1574412389;identity|s:12:\"TEAMPENELAAH\";username|s:12:\"TEAMPENELAAH\";email|N;user_id|s:1:\"2\";old_last_login|s:10:\"1574406159\";last_check|i:1574409498;'),('g463ltfovcgdpre536hqeqjflg30retp','127.0.0.1',1574412554,_binary '__ci_last_regenerate|i:1574412389;identity|s:12:\"TEAMPENELAAH\";username|s:12:\"TEAMPENELAAH\";email|N;user_id|s:1:\"2\";old_last_login|s:10:\"1574406159\";last_check|i:1574409498;'),('uk0dlpda1gasu19bk7f7o0f9ve4rcaub','127.0.0.1',1574415727,_binary '__ci_last_regenerate|i:1574415727;'),('drge59atkrtjkagrjj8ch12f6gsgi428','127.0.0.1',1585328023,_binary '__ci_last_regenerate|i:1585328023;identity|s:9:\"SUBBAGIAN\";username|s:9:\"SUBBAGIAN\";email|N;user_id|s:1:\"1\";old_last_login|s:10:\"1574406283\";last_check|i:1585327392;'),('i176mioasih0hv9p2cd7l2fk2sluf8cg','127.0.0.1',1585328394,_binary '__ci_last_regenerate|i:1585328394;identity|s:9:\"SUBBAGIAN\";username|s:9:\"SUBBAGIAN\";email|N;user_id|s:1:\"1\";old_last_login|s:10:\"1574406283\";last_check|i:1585327392;'),('lvbjs4mehbpmhrhr9t2so9ipo8ti7lht','127.0.0.1',1585328783,_binary '__ci_last_regenerate|i:1585328783;identity|s:12:\"TEAMPENELAAH\";username|s:12:\"TEAMPENELAAH\";email|N;user_id|s:1:\"2\";old_last_login|s:10:\"1574409498\";last_check|i:1585328451;'),('m071n911es3o0pmqf4vj7sl5r4hc1kvq','127.0.0.1',1585329143,_binary '__ci_last_regenerate|i:1585329143;identity|s:9:\"SUBBAGIAN\";username|s:9:\"SUBBAGIAN\";email|N;user_id|s:1:\"1\";old_last_login|s:10:\"1585327392\";last_check|i:1585328820;'),('lbrdmsjujhelurnfb5ce9bq0grn9fbo2','127.0.0.1',1585329258,_binary '__ci_last_regenerate|i:1585329143;identity|s:9:\"SUBBAGIAN\";username|s:9:\"SUBBAGIAN\";email|N;user_id|s:1:\"1\";old_last_login|s:10:\"1585327392\";last_check|i:1585328820;'),('94bi1gl3sstna8esdpr2k4cr1paorego','127.0.0.1',1585333004,_binary '__ci_last_regenerate|i:1585332953;identity|s:12:\"TEAMPENELAAH\";username|s:12:\"TEAMPENELAAH\";email|N;user_id|s:1:\"2\";old_last_login|s:10:\"1585328451\";last_check|i:1585332972;'),('lvvjnk8b42d9bl8tt4sk1eh12jv723vb','127.0.0.1',1585582093,_binary '__ci_last_regenerate|i:1585582069;identity|s:3:\"KPA\";username|s:3:\"KPA\";email|N;user_id|s:1:\"3\";old_last_login|s:10:\"1574409485\";last_check|i:1585582077;'),('e0qtqlo5qb9hl52sqton94e1913j8hdu','127.0.0.1',1585903373,_binary '__ci_last_regenerate|i:1585903373;identity|s:9:\"SUBBAGIAN\";username|s:9:\"SUBBAGIAN\";email|N;user_id|s:1:\"1\";old_last_login|s:10:\"1585582042\";last_check|i:1585902604;'),('ibhqvnenmga5qlokdjr91v5nrh8599gm','127.0.0.1',1585903377,_binary '__ci_last_regenerate|i:1585903373;identity|s:9:\"SUBBAGIAN\";username|s:9:\"SUBBAGIAN\";email|N;user_id|s:1:\"1\";old_last_login|s:10:\"1585582042\";last_check|i:1585902604;'),('m1j9ja2ap01bvqomp198sbc2svoj3bvp','127.0.0.1',1587402962,_binary '__ci_last_regenerate|i:1587402962;'),('jgdhaoev8l76hqvjg0431sqfdetsk96c','127.0.0.1',1587402962,_binary '__ci_last_regenerate|i:1587402962;'),('t671a21iufhm5q85jod272jvc71p3etd','127.0.0.1',1587435075,_binary '__ci_last_regenerate|i:1587435075;identity|s:12:\"TEAMPENELAAH\";username|s:12:\"TEAMPENELAAH\";email|N;user_id|s:1:\"2\";old_last_login|s:10:\"1585582054\";last_check|i:1587434583;'),('fetu5sgnfs6drc703o70u17903dmnq8d','127.0.0.1',1587438103,_binary '__ci_last_regenerate|i:1587438103;identity|s:12:\"TEAMPENELAAH\";username|s:12:\"TEAMPENELAAH\";email|N;user_id|s:1:\"2\";old_last_login|s:10:\"1585582054\";last_check|i:1587434583;'),('adssf6qji822fbifn5nda5vcnki2hti6','127.0.0.1',1587438479,_binary '__ci_last_regenerate|i:1587438479;identity|s:12:\"TEAMPENELAAH\";username|s:12:\"TEAMPENELAAH\";email|N;user_id|s:1:\"2\";old_last_login|s:10:\"1585582054\";last_check|i:1587434583;'),('fdqcrjbscn13jtva1r3jjig8o4a4n1ar','127.0.0.1',1587438658,_binary '__ci_last_regenerate|i:1587438479;identity|s:12:\"TEAMPENELAAH\";username|s:12:\"TEAMPENELAAH\";email|N;user_id|s:1:\"2\";old_last_login|s:10:\"1585582054\";last_check|i:1587434583;'),('7toeojit8eq7hbd75b26ftq2kmargkkk','127.0.0.1',1587441956,_binary '__ci_last_regenerate|i:1587441956;identity|s:12:\"SuperAdmin01\";username|s:12:\"SuperAdmin01\";email|N;user_id|s:1:\"1\";old_last_login|s:10:\"1585902604\";last_check|i:1587441670;'),('6f1do18rg79bc1ltt6ques388b4t7aqu','127.0.0.1',1587442265,_binary '__ci_last_regenerate|i:1587442265;identity|s:12:\"SuperAdmin01\";username|s:12:\"SuperAdmin01\";email|N;user_id|s:1:\"1\";old_last_login|s:10:\"1585902604\";last_check|i:1587441670;'),('fsr45n26nagu4lsueddkv7ph17e2ac8u','127.0.0.1',1587448757,_binary '__ci_last_regenerate|i:1587448757;identity|s:12:\"SuperAdmin01\";username|s:12:\"SuperAdmin01\";email|N;user_id|s:1:\"1\";old_last_login|s:10:\"1585902604\";last_check|i:1587441670;'),('feo93gh3qjd3gg2jp63otgt4jqhkvvov','127.0.0.1',1587448758,_binary '__ci_last_regenerate|i:1587448757;identity|s:12:\"SuperAdmin01\";username|s:12:\"SuperAdmin01\";email|N;user_id|s:1:\"1\";old_last_login|s:10:\"1585902604\";last_check|i:1587441670;'),('dlssbfod26s7kt3qt9ilqkcq7m33ul0o','127.0.0.1',1587458849,_binary '__ci_last_regenerate|i:1587458841;identity|s:12:\"TEAMPENELAAH\";username|s:12:\"TEAMPENELAAH\";email|N;user_id|s:1:\"2\";old_last_login|s:10:\"1587434583\";last_check|i:1587458846;'),('61uq848ghl0oerb2voogi9tck2bltsmn','127.0.0.1',1587482492,_binary '__ci_last_regenerate|i:1587482492;identity|s:12:\"SuperAdmin01\";username|s:12:\"SuperAdmin01\";email|N;user_id|s:1:\"1\";old_last_login|s:10:\"1587441670\";last_check|i:1587480577;message|s:29:\"<p>Logged In Successfully</p>\";__ci_vars|a:1:{s:7:\"message\";s:3:\"old\";}'),('m6u3dp6o43i8jsi6km9249irs091kdhu','127.0.0.1',1587482971,_binary '__ci_last_regenerate|i:1587482971;identity|s:12:\"SuperAdmin01\";username|s:12:\"SuperAdmin01\";email|N;user_id|s:1:\"1\";old_last_login|s:10:\"1587441670\";last_check|i:1587480577;'),('uv3jmmqkg4vgsf8rmke7tvnjnik8kbbf','127.0.0.1',1587483394,_binary '__ci_last_regenerate|i:1587483394;identity|s:12:\"SuperAdmin01\";username|s:12:\"SuperAdmin01\";email|N;user_id|s:1:\"1\";old_last_login|s:10:\"1587441670\";last_check|i:1587480577;'),('nbmlrjb7upl2sldhj8oallu21tuehhnd','127.0.0.1',1587483704,_binary '__ci_last_regenerate|i:1587483704;identity|s:12:\"SuperAdmin01\";username|s:12:\"SuperAdmin01\";email|N;user_id|s:1:\"1\";old_last_login|s:10:\"1587441670\";last_check|i:1587480577;'),('msh5jv3234hi2c32nonts33jnq8prl4e','127.0.0.1',1587488805,_binary '__ci_last_regenerate|i:1587488805;identity|s:12:\"SuperAdmin01\";username|s:12:\"SuperAdmin01\";email|N;user_id|s:1:\"1\";old_last_login|s:10:\"1587441670\";last_check|i:1587480577;'),('aejipr29i4kmbal2kmlmc9l8cb8b3cof','127.0.0.1',1587488805,_binary '__ci_last_regenerate|i:1587488805;identity|s:12:\"SuperAdmin01\";username|s:12:\"SuperAdmin01\";email|N;user_id|s:1:\"1\";old_last_login|s:10:\"1587441670\";last_check|i:1587480577;'),('7e5iku9b7q9gnun2nqcspq5rttlc252l','127.0.0.1',1587790686,_binary '__ci_last_regenerate|i:1587790686;'),('3p7ku9upefdnkne1k0vbrj61jsnqm9mn','127.0.0.1',1587791111,_binary '__ci_last_regenerate|i:1587791111;identity|s:12:\"SuperAdmin01\";username|s:12:\"SuperAdmin01\";email|N;user_id|s:1:\"1\";old_last_login|s:10:\"1587480577\";last_check|i:1587790686;'),('vdrcre98ai4p5t3tmkuh1ti2gp4q6p3l','127.0.0.1',1587791440,_binary '__ci_last_regenerate|i:1587791440;identity|s:12:\"SuperAdmin01\";username|s:12:\"SuperAdmin01\";email|N;user_id|s:1:\"1\";old_last_login|s:10:\"1587480577\";last_check|i:1587790686;'),('ekla5b5brshqdltb1q5n2nn9ism2ugno','127.0.0.1',1587791756,_binary '__ci_last_regenerate|i:1587791756;identity|s:12:\"SuperAdmin01\";username|s:12:\"SuperAdmin01\";email|N;user_id|s:1:\"1\";old_last_login|s:10:\"1587480577\";last_check|i:1587790686;'),('poee5vjaji9nm3t9u2cvs8d84ojnvv6l','127.0.0.1',1587792157,_binary '__ci_last_regenerate|i:1587792157;identity|s:12:\"SuperAdmin01\";username|s:12:\"SuperAdmin01\";email|N;user_id|s:1:\"1\";old_last_login|s:10:\"1587480577\";last_check|i:1587790686;'),('eank3vq9rp3t02v5n6m8fehsikl2fuku','127.0.0.1',1587792597,_binary '__ci_last_regenerate|i:1587792597;identity|s:12:\"SuperAdmin01\";username|s:12:\"SuperAdmin01\";email|N;user_id|s:1:\"1\";old_last_login|s:10:\"1587480577\";last_check|i:1587790686;'),('8udeuonaesv2auou449f10ntmsmbojh3','127.0.0.1',1587793342,_binary '__ci_last_regenerate|i:1587793342;identity|s:12:\"SuperAdmin01\";username|s:12:\"SuperAdmin01\";email|N;user_id|s:1:\"1\";old_last_login|s:10:\"1587480577\";last_check|i:1587790686;'),('hec3f70qtg4f64g4hh7npficjl6a7818','127.0.0.1',1587793602,_binary '__ci_last_regenerate|i:1587793342;identity|s:12:\"SuperAdmin01\";username|s:12:\"SuperAdmin01\";email|N;user_id|s:1:\"1\";old_last_login|s:10:\"1587480577\";last_check|i:1587790686;'),('jt3t9htlj8t8d42plr34nca41m51ome0','127.0.0.1',1588005082,_binary '__ci_last_regenerate|i:1588005082;identity|s:12:\"SuperAdmin01\";username|s:12:\"SuperAdmin01\";email|N;user_id|s:1:\"1\";old_last_login|s:10:\"1587790686\";last_check|i:1588004590;'),('0v8mooc1prlmtm2kp1uh5c021jdj6vkt','127.0.0.1',1588005095,_binary '__ci_last_regenerate|i:1588005082;identity|s:12:\"SuperAdmin01\";username|s:12:\"SuperAdmin01\";email|N;user_id|s:1:\"1\";old_last_login|s:10:\"1587790686\";last_check|i:1588004590;'),('aq913la2r76qfh02mnfqd719cbdtemli','127.0.0.1',1588047378,_binary '__ci_last_regenerate|i:1588047378;identity|s:12:\"SuperAdmin01\";username|s:12:\"SuperAdmin01\";email|N;user_id|s:1:\"1\";old_last_login|s:10:\"1588004590\";last_check|i:1588044995;'),('pk963bag9jqkcan95doeb5motl40nt8t','127.0.0.1',1588047807,_binary '__ci_last_regenerate|i:1588047807;identity|s:12:\"SuperAdmin01\";username|s:12:\"SuperAdmin01\";email|N;user_id|s:1:\"1\";old_last_login|s:10:\"1588004590\";last_check|i:1588044995;'),('4419k9e64svn4t0o9l0l37dhk2lgonau','127.0.0.1',1588048346,_binary '__ci_last_regenerate|i:1588048346;identity|s:12:\"SuperAdmin01\";username|s:12:\"SuperAdmin01\";email|N;user_id|s:1:\"1\";old_last_login|s:10:\"1588004590\";last_check|i:1588044995;'),('4g5chg0kker6opjd1afgjpu08aj7useo','127.0.0.1',1588048964,_binary '__ci_last_regenerate|i:1588048964;identity|s:7:\"MAKER01\";username|s:7:\"MAKER01\";email|N;user_id|s:1:\"4\";old_last_login|s:10:\"1574405072\";last_check|i:1588048668;'),('15dmbnpdgu4v5au58l6rbffgg72j3dgv','127.0.0.1',1588049279,_binary '__ci_last_regenerate|i:1588049279;identity|s:7:\"MAKER01\";username|s:7:\"MAKER01\";email|N;user_id|s:1:\"4\";old_last_login|s:10:\"1574405072\";last_check|i:1588048668;'),('9la19a2plamdi801e7ngf466e03l2eu3','127.0.0.1',1588050122,_binary '__ci_last_regenerate|i:1588050122;identity|s:7:\"MAKER01\";username|s:7:\"MAKER01\";email|N;user_id|s:1:\"4\";old_last_login|s:10:\"1574405072\";last_check|i:1588048668;'),('pdlens4avs4t3qds9v4nbf5jbbg5daeo','127.0.0.1',1588050506,_binary '__ci_last_regenerate|i:1588050506;identity|s:7:\"MAKER01\";username|s:7:\"MAKER01\";email|N;user_id|s:1:\"4\";old_last_login|s:10:\"1574405072\";last_check|i:1588048668;'),('2nr2q24v2t7skba5s7kia675021t9h2p','127.0.0.1',1588051238,_binary '__ci_last_regenerate|i:1588051238;identity|s:7:\"MAKER01\";username|s:7:\"MAKER01\";email|N;user_id|s:1:\"4\";old_last_login|s:10:\"1574405072\";last_check|i:1588048668;'),('gp7l1pmod82q94deqg87aa07vm7n5g5b','127.0.0.1',1588051399,_binary '__ci_last_regenerate|i:1588051372;identity|s:12:\"SuperAdmin01\";username|s:12:\"SuperAdmin01\";email|N;user_id|s:1:\"1\";old_last_login|s:10:\"1588044995\";last_check|i:1588051376;'),('0vbg8b7usuibnl93mbitld8cd8jel3qf','127.0.0.1',1588149444,_binary '__ci_last_regenerate|i:1588149444;identity|s:7:\"MAKER01\";username|s:7:\"MAKER01\";email|N;user_id|s:1:\"4\";old_last_login|s:10:\"1588048668\";last_check|i:1588149142;'),('f1deqlg8qkr3tkvunqr24fdihrm6v3ga','127.0.0.1',1588152283,_binary '__ci_last_regenerate|i:1588152283;identity|s:7:\"MAKER01\";username|s:7:\"MAKER01\";email|N;user_id|s:1:\"4\";old_last_login|s:10:\"1588048668\";last_check|i:1588149142;'),('qntvh5cushb5152te76somlpg5j4a2i4','127.0.0.1',1588152763,_binary '__ci_last_regenerate|i:1588152763;identity|s:7:\"MAKER01\";username|s:7:\"MAKER01\";email|N;user_id|s:1:\"4\";old_last_login|s:10:\"1588048668\";last_check|i:1588149142;'),('rumu7ijl7qno2m3lhnf595k39bbjbeu7','127.0.0.1',1588153079,_binary '__ci_last_regenerate|i:1588153079;identity|s:7:\"MAKER01\";username|s:7:\"MAKER01\";email|N;user_id|s:1:\"4\";old_last_login|s:10:\"1588048668\";last_check|i:1588149142;'),('e6cut0dk8n844n6mmaq5putfjbps1kev','127.0.0.1',1588153732,_binary '__ci_last_regenerate|i:1588153732;identity|s:7:\"MAKER01\";username|s:7:\"MAKER01\";email|N;user_id|s:1:\"4\";old_last_login|s:10:\"1588048668\";last_check|i:1588149142;'),('u18hkrqgpatk0t5p6p2lof3g2n3e4gng','127.0.0.1',1588154170,_binary '__ci_last_regenerate|i:1588154170;identity|s:7:\"MAKER01\";username|s:7:\"MAKER01\";email|N;user_id|s:1:\"4\";old_last_login|s:10:\"1588048668\";last_check|i:1588149142;'),('i9fpe94h39br0jel1onvefr3a0uoo976','127.0.0.1',1588154474,_binary '__ci_last_regenerate|i:1588154474;identity|s:7:\"MAKER01\";username|s:7:\"MAKER01\";email|N;user_id|s:1:\"4\";old_last_login|s:10:\"1588048668\";last_check|i:1588149142;'),('5iic2lc1a2ida27mpte96ge0jh35qvab','127.0.0.1',1588154501,_binary '__ci_last_regenerate|i:1588154474;identity|s:7:\"MAKER01\";username|s:7:\"MAKER01\";email|N;user_id|s:1:\"4\";old_last_login|s:10:\"1588048668\";last_check|i:1588149142;'),('26qe9guu8o6d2oqjraggf63arek68ovm','127.0.0.1',1588167018,_binary '__ci_last_regenerate|i:1588167018;identity|s:7:\"MAKER01\";username|s:7:\"MAKER01\";email|N;user_id|s:1:\"4\";old_last_login|s:10:\"1588149142\";last_check|i:1588166675;'),('6om5fj32vkhrjlk6mqigjt2p9suljekq','127.0.0.1',1588167328,_binary '__ci_last_regenerate|i:1588167328;identity|s:7:\"MAKER01\";username|s:7:\"MAKER01\";email|N;user_id|s:1:\"4\";old_last_login|s:10:\"1588149142\";last_check|i:1588166675;'),('r0fb675a7g0tbgdpnc7hu6oum9jujk69','127.0.0.1',1588167746,_binary '__ci_last_regenerate|i:1588167746;identity|s:7:\"MAKER01\";username|s:7:\"MAKER01\";email|N;user_id|s:1:\"4\";old_last_login|s:10:\"1588149142\";last_check|i:1588166675;'),('jf3bd78kkigmsn7ude40jfgugersbfhc','127.0.0.1',1588168058,_binary '__ci_last_regenerate|i:1588168058;identity|s:7:\"MAKER01\";username|s:7:\"MAKER01\";email|N;user_id|s:1:\"4\";old_last_login|s:10:\"1588149142\";last_check|i:1588166675;'),('ao7khh1ue21ptgdsp3qbi1jci3ts76hf','127.0.0.1',1588168975,_binary '__ci_last_regenerate|i:1588168975;identity|s:7:\"MAKER01\";username|s:7:\"MAKER01\";email|N;user_id|s:1:\"4\";old_last_login|s:10:\"1588149142\";last_check|i:1588166675;'),('qc7lv44jjsihl1i40cef8e211k1odfmo','127.0.0.1',1588169287,_binary '__ci_last_regenerate|i:1588169287;identity|s:7:\"MAKER01\";username|s:7:\"MAKER01\";email|N;user_id|s:1:\"4\";old_last_login|s:10:\"1588149142\";last_check|i:1588166675;'),('2kjgrsqha7arq3t93qnm1mgafbq6dsi7','::1',1588169359,_binary '__ci_last_regenerate|i:1588169359;identity|s:12:\"SuperAdmin01\";username|s:12:\"SuperAdmin01\";email|N;user_id|s:1:\"1\";old_last_login|s:10:\"1588166576\";last_check|i:1588169008;'),('g1u9qef2r7gejhl4r6piibgtgr6jucdv','::1',1588169693,_binary '__ci_last_regenerate|i:1588169693;identity|s:12:\"SuperAdmin01\";username|s:12:\"SuperAdmin01\";email|N;user_id|s:1:\"1\";old_last_login|s:10:\"1588166576\";last_check|i:1588169008;'),('31hbajb1lds2o64ffb6qebl3qo6d3bv0','127.0.0.1',1588171666,_binary '__ci_last_regenerate|i:1588171666;identity|s:12:\"SuperAdmin01\";username|s:12:\"SuperAdmin01\";email|N;user_id|s:1:\"1\";old_last_login|s:10:\"1588169008\";last_check|i:1588169379;'),('251vopmfeb9pukeh54nh5k5tvnssqc8v','::1',1588170287,_binary '__ci_last_regenerate|i:1588170287;identity|s:12:\"SuperAdmin01\";username|s:12:\"SuperAdmin01\";email|N;user_id|s:1:\"1\";old_last_login|s:10:\"1588166576\";last_check|i:1588169008;'),('auce8lfchho48rnlfnh5a00nsu29l9la','::1',1588170619,_binary '__ci_last_regenerate|i:1588170619;identity|s:12:\"SuperAdmin01\";username|s:12:\"SuperAdmin01\";email|N;user_id|s:1:\"1\";old_last_login|s:10:\"1588166576\";last_check|i:1588169008;'),('84n5act780j6868int0gg20d3m6v44hv','::1',1588170996,_binary '__ci_last_regenerate|i:1588170996;identity|s:12:\"SuperAdmin01\";username|s:12:\"SuperAdmin01\";email|N;user_id|s:1:\"1\";old_last_login|s:10:\"1588166576\";last_check|i:1588169008;'),('f0r2ejt6ndj85876nmsp3ucc3vpndk86','::1',1588171392,_binary '__ci_last_regenerate|i:1588171392;identity|s:12:\"SuperAdmin01\";username|s:12:\"SuperAdmin01\";email|N;user_id|s:1:\"1\";old_last_login|s:10:\"1588166576\";last_check|i:1588169008;'),('m5ifaq719b1gsdau986ac8usfnpu67p6','::1',1588172821,_binary '__ci_last_regenerate|i:1588172821;identity|s:12:\"SuperAdmin01\";username|s:12:\"SuperAdmin01\";email|N;user_id|s:1:\"1\";old_last_login|s:10:\"1588166576\";last_check|i:1588169008;'),('0ms8lc4meaukfvbl8hh9cue5ht44e1b5','127.0.0.1',1588172155,_binary '__ci_last_regenerate|i:1588172155;identity|s:7:\"MAKER01\";username|s:7:\"MAKER01\";email|N;user_id|s:1:\"4\";old_last_login|s:10:\"1588171695\";last_check|i:1588171915;'),('k7ctqgdc0kst54u6qmreuofc8pnn7mca','::1',1588176067,_binary '__ci_last_regenerate|i:1588176067;identity|s:12:\"SuperAdmin01\";username|s:12:\"SuperAdmin01\";email|N;user_id|s:1:\"1\";old_last_login|s:10:\"1588166576\";last_check|i:1588169008;'),('dv4e129td5qncc585rhkf16f97hojvvt','127.0.0.1',1588173283,_binary '__ci_last_regenerate|i:1588173283;identity|s:7:\"MAKER01\";username|s:7:\"MAKER01\";email|N;user_id|s:1:\"4\";old_last_login|s:10:\"1588171915\";last_check|i:1588172970;'),('g1eavp0pnqg426bggkhd8tkcaaoh5e5h','127.0.0.1',1588173589,_binary '__ci_last_regenerate|i:1588173589;identity|s:7:\"MAKER01\";username|s:7:\"MAKER01\";email|N;user_id|s:1:\"4\";old_last_login|s:10:\"1588171915\";last_check|i:1588172970;'),('bcq958g3kqjosoi1gdf2bupl1c041lkf','127.0.0.1',1588174513,_binary '__ci_last_regenerate|i:1588174513;identity|s:7:\"MAKER01\";username|s:7:\"MAKER01\";email|N;user_id|s:1:\"4\";old_last_login|s:10:\"1588171915\";last_check|i:1588172970;'),('tq6hpiegdr5kvh2hijro7jijot6d6ur7','127.0.0.1',1588174844,_binary '__ci_last_regenerate|i:1588174844;identity|s:7:\"MAKER01\";username|s:7:\"MAKER01\";email|N;user_id|s:1:\"4\";old_last_login|s:10:\"1588171915\";last_check|i:1588172970;'),('blki5nmbp4hbqm1thlt4595lp6hjl445','127.0.0.1',1588175175,_binary '__ci_last_regenerate|i:1588175175;identity|s:7:\"MAKER01\";username|s:7:\"MAKER01\";email|N;user_id|s:1:\"4\";old_last_login|s:10:\"1588171915\";last_check|i:1588172970;'),('5neq86tskp9tqn7o8eklvqi2cfrh6k6i','127.0.0.1',1588175574,_binary '__ci_last_regenerate|i:1588175574;identity|s:7:\"MAKER01\";username|s:7:\"MAKER01\";email|N;user_id|s:1:\"4\";old_last_login|s:10:\"1588171915\";last_check|i:1588172970;'),('hguc3u5n3otjoboa1or92nni6iok2in7','127.0.0.1',1588176314,_binary '__ci_last_regenerate|i:1588176314;identity|s:7:\"MAKER01\";username|s:7:\"MAKER01\";email|N;user_id|s:1:\"4\";old_last_login|s:10:\"1588171915\";last_check|i:1588172970;'),('gpgmp6v0nur0joog8ebqopn986gblirt','::1',1588176071,_binary '__ci_last_regenerate|i:1588176067;identity|s:12:\"SuperAdmin01\";username|s:12:\"SuperAdmin01\";email|N;user_id|s:1:\"1\";old_last_login|s:10:\"1588166576\";last_check|i:1588169008;'),('jqisam2vjvrmqr4rthj07n98fdvcpnce','127.0.0.1',1588176730,_binary '__ci_last_regenerate|i:1588176730;identity|s:7:\"MAKER01\";username|s:7:\"MAKER01\";email|N;user_id|s:1:\"4\";old_last_login|s:10:\"1588171915\";last_check|i:1588172970;'),('bq1mmq6jn8r0s0bmom1kqapfpbmii7mq','127.0.0.1',1588177117,_binary '__ci_last_regenerate|i:1588177117;identity|s:7:\"MAKER01\";username|s:7:\"MAKER01\";email|N;user_id|s:1:\"4\";old_last_login|s:10:\"1588171915\";last_check|i:1588172970;'),('iibpg7r35f0c4ibioj5shsiblcbud1ch','127.0.0.1',1588177449,_binary '__ci_last_regenerate|i:1588177449;identity|s:7:\"MAKER01\";username|s:7:\"MAKER01\";email|N;user_id|s:1:\"4\";old_last_login|s:10:\"1588171915\";last_check|i:1588172970;'),('euikbqck9g4e9d64hbl7m1gr7jj8isgt','127.0.0.1',1588177778,_binary '__ci_last_regenerate|i:1588177778;identity|s:7:\"MAKER01\";username|s:7:\"MAKER01\";email|N;user_id|s:1:\"4\";old_last_login|s:10:\"1588171915\";last_check|i:1588172970;'),('l7jq1iqmmkqll17hmnle62a59alpf12d','127.0.0.1',1588178226,_binary '__ci_last_regenerate|i:1588178226;identity|s:7:\"MAKER01\";username|s:7:\"MAKER01\";email|N;user_id|s:1:\"4\";old_last_login|s:10:\"1588171915\";last_check|i:1588172970;'),('cqpntnvf12r758grj64224ae7k5h1964','127.0.0.1',1588181377,_binary '__ci_last_regenerate|i:1588181377;identity|s:7:\"MAKER01\";username|s:7:\"MAKER01\";email|N;user_id|s:1:\"4\";old_last_login|s:10:\"1588171915\";last_check|i:1588172970;'),('32ck57cnrhusfvg7lqq9bv40ai600e25','127.0.0.1',1588181683,_binary '__ci_last_regenerate|i:1588181683;identity|s:7:\"MAKER01\";username|s:7:\"MAKER01\";email|N;user_id|s:1:\"4\";old_last_login|s:10:\"1588171915\";last_check|i:1588172970;'),('uabef1d1lor6kbkce7bbmcqbslrn9uid','127.0.0.1',1588182280,_binary '__ci_last_regenerate|i:1588182280;identity|s:7:\"MAKER01\";username|s:7:\"MAKER01\";email|N;user_id|s:1:\"4\";old_last_login|s:10:\"1588171915\";last_check|i:1588172970;'),('rp9ebjui8gg6sd97motk9i4h6t4s4b41','127.0.0.1',1588183508,_binary '__ci_last_regenerate|i:1588183508;identity|s:7:\"MAKER01\";username|s:7:\"MAKER01\";email|N;user_id|s:1:\"4\";old_last_login|s:10:\"1588171915\";last_check|i:1588172970;'),('ofu0o31ktacqtgqn7lh5mprs0a33q14p','127.0.0.1',1588183837,_binary '__ci_last_regenerate|i:1588183837;identity|s:7:\"MAKER01\";username|s:7:\"MAKER01\";email|N;user_id|s:1:\"4\";old_last_login|s:10:\"1588171915\";last_check|i:1588172970;'),('5934imr6n0m0v42spm84nhk4pp4jn1cc','127.0.0.1',1588184138,_binary '__ci_last_regenerate|i:1588184138;identity|s:7:\"MAKER01\";username|s:7:\"MAKER01\";email|N;user_id|s:1:\"4\";old_last_login|s:10:\"1588171915\";last_check|i:1588172970;'),('d3rp7jl7n5ilig1j4a05th1f4ga7fj0d','127.0.0.1',1588184446,_binary '__ci_last_regenerate|i:1588184446;identity|s:7:\"MAKER01\";username|s:7:\"MAKER01\";email|N;user_id|s:1:\"4\";old_last_login|s:10:\"1588171915\";last_check|i:1588172970;'),('ce2p02ea3hgbfvt3hrk09l76licrhkfk','127.0.0.1',1588184747,_binary '__ci_last_regenerate|i:1588184747;identity|s:7:\"MAKER01\";username|s:7:\"MAKER01\";email|N;user_id|s:1:\"4\";old_last_login|s:10:\"1588171915\";last_check|i:1588172970;'),('j5g1geo9hl6sa9mnbnl81tjrkhknfqf3','127.0.0.1',1588184764,_binary '__ci_last_regenerate|i:1588184747;identity|s:7:\"MAKER01\";username|s:7:\"MAKER01\";email|N;user_id|s:1:\"4\";old_last_login|s:10:\"1588171915\";last_check|i:1588172970;'),('t33689he480uj6e9au8sq6k6pggkhm7r','127.0.0.1',1588222935,_binary '__ci_last_regenerate|i:1588222935;identity|s:7:\"MAKER01\";username|s:7:\"MAKER01\";email|N;user_id|s:1:\"4\";old_last_login|s:10:\"1588172970\";last_check|i:1588222587;'),('nf5f73dmp4jvri73eqe388u39gkvchus','127.0.0.1',1588223649,_binary '__ci_last_regenerate|i:1588223649;identity|s:7:\"MAKER01\";username|s:7:\"MAKER01\";email|N;user_id|s:1:\"4\";old_last_login|s:10:\"1588172970\";last_check|i:1588222587;'),('l17e9ggvtabq2dee6eek99k7kaev07s4','127.0.0.1',1588222963,_binary '__ci_last_regenerate|i:1588222963;'),('lrs70c50ef70vdmstqdinomrror64h4b','127.0.0.1',1588223022,_binary '__ci_last_regenerate|i:1588222978;identity|s:12:\"SuperAdmin01\";username|s:12:\"SuperAdmin01\";email|N;user_id|s:1:\"1\";old_last_login|s:10:\"1588172796\";last_check|i:1588223003;'),('qi6ebjjkeesj9drq7hm5nh5kubevuhdu','127.0.0.1',1588223086,_binary '__ci_last_regenerate|i:1588223086;'),('nnuon0hk54r0hjuumd7qbri2gfioog6p','127.0.0.1',1588223822,_binary '__ci_last_regenerate|i:1588223649;identity|s:7:\"MAKER01\";username|s:7:\"MAKER01\";email|N;user_id|s:1:\"4\";old_last_login|s:10:\"1588172970\";last_check|i:1588222587;'),('hscp8s7fb04ftb275479k61sojcpvs1i','127.0.0.1',1588223840,_binary '__ci_last_regenerate|i:1588223719;identity|s:7:\"MAKER01\";username|s:7:\"MAKER01\";email|N;user_id|s:1:\"4\";old_last_login|s:10:\"1588222587\";last_check|i:1588223743;'),('csiebei8qllnvhs1p7qj5j1qu24upr9m','127.0.0.1',1588235748,_binary '__ci_last_regenerate|i:1588235748;identity|s:12:\"SuperAdmin01\";username|s:12:\"SuperAdmin01\";email|N;user_id|s:1:\"1\";old_last_login|s:10:\"1588223529\";last_check|i:1588235110;'),('8sr5oj33inbut9up57q5esap0qimsek2','127.0.0.1',1588236351,_binary '__ci_last_regenerate|i:1588236351;identity|s:12:\"SuperAdmin01\";username|s:12:\"SuperAdmin01\";email|N;user_id|s:1:\"1\";old_last_login|s:10:\"1588235110\";last_check|i:1588235951;'),('k7f0o4qksbf29blgkvm7q1knqq1uqf6o','127.0.0.1',1588236768,_binary '__ci_last_regenerate|i:1588236768;identity|s:12:\"SuperAdmin01\";username|s:12:\"SuperAdmin01\";email|N;user_id|s:1:\"1\";old_last_login|s:10:\"1588235110\";last_check|i:1588235951;'),('1i9ln3eb2ejqmoojsre352rkubp4q8bk','127.0.0.1',1588237329,_binary '__ci_last_regenerate|i:1588237329;identity|s:12:\"SuperAdmin01\";username|s:12:\"SuperAdmin01\";email|N;user_id|s:1:\"1\";old_last_login|s:10:\"1588235110\";last_check|i:1588235951;'),('c3jjs0rfsppajggi56ai9vfdujlgbbil','127.0.0.1',1588237892,_binary '__ci_last_regenerate|i:1588237892;identity|s:12:\"SuperAdmin01\";username|s:12:\"SuperAdmin01\";email|N;user_id|s:1:\"1\";old_last_login|s:10:\"1588235110\";last_check|i:1588235951;'),('2b4nqd8sgjr1kr5nmpl13h61l9m29b71','127.0.0.1',1588238316,_binary '__ci_last_regenerate|i:1588238316;identity|s:12:\"SuperAdmin01\";username|s:12:\"SuperAdmin01\";email|N;user_id|s:1:\"1\";old_last_login|s:10:\"1588235110\";last_check|i:1588235951;'),('p17j1ht4fn9g57tfkmoa92sp9ta3sid8','127.0.0.1',1588238813,_binary '__ci_last_regenerate|i:1588238813;identity|s:12:\"SuperAdmin01\";username|s:12:\"SuperAdmin01\";email|N;user_id|s:1:\"1\";old_last_login|s:10:\"1588235110\";last_check|i:1588235951;'),('6rme06j7012kqdh90ge02umb97qhkn3v','127.0.0.1',1588238815,_binary '__ci_last_regenerate|i:1588238813;identity|s:12:\"SuperAdmin01\";username|s:12:\"SuperAdmin01\";email|N;user_id|s:1:\"1\";old_last_login|s:10:\"1588235110\";last_check|i:1588235951;'),('0hv9jgs0ucjrfg94aqriopbgjpoj8sba','127.0.0.1',1588354662,_binary '__ci_last_regenerate|i:1588354662;'),('ikvbmo86p31oimqphinnhis6ksb1cv9q','127.0.0.1',1588348550,_binary '__ci_last_regenerate|i:1588348550;'),('mtgh79cp0kflj23q41m9pq7lh57es684','127.0.0.1',1588354662,_binary '__ci_last_regenerate|i:1588354662;'),('pqsicad0bmh1ln2g6827n1jk6epfrs3p','127.0.0.1',1588628872,_binary '__ci_last_regenerate|i:1588628872;identity|s:12:\"SuperAdmin01\";username|s:12:\"SuperAdmin01\";email|N;user_id|s:1:\"1\";old_last_login|s:10:\"1588235951\";last_check|i:1588628536;'),('dqh6i97b97b3g3b3pjphimnpah1632v0','127.0.0.1',1588629309,_binary '__ci_last_regenerate|i:1588629309;identity|s:12:\"SuperAdmin01\";username|s:12:\"SuperAdmin01\";email|N;user_id|s:1:\"1\";old_last_login|s:10:\"1588235951\";last_check|i:1588628536;'),('7jvu8ifh7f92adfqs61be3102f5v6f7d','127.0.0.1',1588632379,_binary '__ci_last_regenerate|i:1588632379;identity|s:7:\"MAKER01\";username|s:7:\"MAKER01\";email|N;user_id|s:1:\"4\";old_last_login|s:10:\"1588223743\";last_check|i:1588631656;'),('dol2qk3d1ip0s0fl0rjrrbnmag824ebn','127.0.0.1',1588634635,_binary '__ci_last_regenerate|i:1588634635;identity|s:13:\"Kepala Bagian\";username|s:13:\"Kepala Bagian\";email|N;user_id|s:1:\"3\";old_last_login|s:10:\"1585582077\";last_check|i:1588632481;'),('naog4b54ar79m8khf9fnvfcmjfvki7sv','127.0.0.1',1588635172,_binary '__ci_last_regenerate|i:1588635172;identity|s:13:\"Kepala Bagian\";username|s:13:\"Kepala Bagian\";email|N;user_id|s:1:\"3\";old_last_login|s:10:\"1585582077\";last_check|i:1588632481;'),('dq70skigd0o3lbkaibqvge828naj5pdo','127.0.0.1',1588635734,_binary '__ci_last_regenerate|i:1588635734;identity|s:13:\"Kepala Bagian\";username|s:13:\"Kepala Bagian\";email|N;user_id|s:1:\"3\";old_last_login|s:10:\"1585582077\";last_check|i:1588632481;'),('e77m4rob3ti9g8bit9eh352c1nhu03mh','127.0.0.1',1588636123,_binary '__ci_last_regenerate|i:1588636123;identity|s:13:\"Kepala Bagian\";username|s:13:\"Kepala Bagian\";email|N;user_id|s:1:\"3\";old_last_login|s:10:\"1585582077\";last_check|i:1588632481;'),('puiqm4tu037m97ud6ufbhugstld3n1vh','127.0.0.1',1588636454,_binary '__ci_last_regenerate|i:1588636454;identity|s:13:\"Kepala Bagian\";username|s:13:\"Kepala Bagian\";email|N;user_id|s:1:\"3\";old_last_login|s:10:\"1585582077\";last_check|i:1588632481;'),('g7o6oavbe1n416oasludjdqq53dalgc4','127.0.0.1',1588636773,_binary '__ci_last_regenerate|i:1588636773;identity|s:13:\"Kepala Bagian\";username|s:13:\"Kepala Bagian\";email|N;user_id|s:1:\"3\";old_last_login|s:10:\"1585582077\";last_check|i:1588632481;'),('je46aiuoqsuuucar64fadk2ksl15pch1','127.0.0.1',1588636883,_binary '__ci_last_regenerate|i:1588636773;identity|s:13:\"Kepala Bagian\";username|s:13:\"Kepala Bagian\";email|N;user_id|s:1:\"3\";old_last_login|s:10:\"1585582077\";last_check|i:1588632481;');
/*!40000 ALTER TABLE `ci_sessions` ENABLE KEYS */;
UNLOCK TABLES;

--
-- Table structure for table `idn_groups`
--

DROP TABLE IF EXISTS `idn_groups`;
/*!40101 SET @saved_cs_client     = @@character_set_client */;
/*!50503 SET character_set_client = utf8mb4 */;
CREATE TABLE `idn_groups` (
  `id` mediumint(8) unsigned NOT NULL AUTO_INCREMENT,
  `name` varchar(20) NOT NULL,
  `description` varchar(100) NOT NULL,
  PRIMARY KEY (`id`)
) ENGINE=InnoDB AUTO_INCREMENT=6 DEFAULT CHARSET=latin1;
/*!40101 SET character_set_client = @saved_cs_client */;

--
-- Dumping data for table `idn_groups`
--

LOCK TABLES `idn_groups` WRITE;
/*!40000 ALTER TABLE `idn_groups` DISABLE KEYS */;
INSERT INTO `idn_groups` VALUES (1,'adminsu','Admin SU'),(2,'adminkb','Admin KB'),(3,'adminmk','Admin MK'),(4,'adminsg','Admin SG'),(5,'admintl','Admin TL');
/*!40000 ALTER TABLE `idn_groups` ENABLE KEYS */;
UNLOCK TABLES;

--
-- Table structure for table `idn_users`
--

DROP TABLE IF EXISTS `idn_users`;
/*!40101 SET @saved_cs_client     = @@character_set_client */;
/*!50503 SET character_set_client = utf8mb4 */;
CREATE TABLE `idn_users` (
  `id` int(11) unsigned NOT NULL AUTO_INCREMENT,
  `ip_address` varchar(45) NOT NULL,
  `username` varchar(100) NOT NULL,
  `password` varchar(255) NOT NULL,
  `salt` varchar(255) DEFAULT NULL,
  `email` varchar(254) DEFAULT NULL,
  `activation_code` varchar(40) DEFAULT NULL,
  `forgotten_password_code` varchar(40) DEFAULT NULL,
  `forgotten_password_time` int(11) unsigned DEFAULT NULL,
  `remember_code` varchar(40) DEFAULT NULL,
  `created_on` int(11) unsigned NOT NULL,
  `last_login` int(11) unsigned DEFAULT NULL,
  `active` tinyint(1) unsigned DEFAULT NULL,
  `first_name` varchar(50) DEFAULT NULL,
  `last_name` varchar(50) DEFAULT NULL,
  `company` varchar(100) DEFAULT NULL,
  `phone` varchar(20) DEFAULT NULL,
  `nameuser` varchar(50) DEFAULT NULL,
  `jabatan` varchar(45) DEFAULT NULL,
  PRIMARY KEY (`id`)
) ENGINE=InnoDB AUTO_INCREMENT=18 DEFAULT CHARSET=latin1;
/*!40101 SET character_set_client = @saved_cs_client */;

--
-- Dumping data for table `idn_users`
--

LOCK TABLES `idn_users` WRITE;
/*!40000 ALTER TABLE `idn_users` DISABLE KEYS */;
INSERT INTO `idn_users` VALUES (1,'127.0.0.1','SuperAdmin01','$2y$08$P1JQb7.6Csohabc3Ncw.Tu0HrYPsEFwsBOnHXSzVu1iGN8Pb.WXkW',NULL,NULL,NULL,NULL,NULL,NULL,1268889823,1588628536,1,'ADMIN','SU',NULL,NULL,'Imam Tantowi','Admin'),(2,'127.0.0.1','SuperAdmin02','$2y$08$P1JQb7.6Csohabc3Ncw.Tu0HrYPsEFwsBOnHXSzVu1iGN8Pb.WXkW',NULL,NULL,NULL,NULL,NULL,NULL,1268889823,1587458846,1,'ADMIN','SU',NULL,NULL,'Nama User','Admin'),(3,'127.0.0.1','Kepala Bagian','$2y$08$P1JQb7.6Csohabc3Ncw.Tu0HrYPsEFwsBOnHXSzVu1iGN8Pb.WXkW',NULL,NULL,NULL,NULL,NULL,NULL,1268889823,1588632481,1,'ADMIN','KB',NULL,NULL,'Nama User','Kepala Bagian'),(4,'127.0.0.1','MAKER01','$2y$08$P1JQb7.6Csohabc3Ncw.Tu0HrYPsEFwsBOnHXSzVu1iGN8Pb.WXkW',NULL,NULL,NULL,NULL,NULL,NULL,1268889823,1588631656,1,'USER','MK',NULL,NULL,'Febri Hariyanto','Maker'),(5,'127.0.0.1','MAKER02','$2y$08$P1JQb7.6Csohabc3Ncw.Tu0HrYPsEFwsBOnHXSzVu1iGN8Pb.WXkW',NULL,NULL,NULL,NULL,NULL,NULL,1268889823,1574405072,1,'USER','MK',NULL,NULL,'Nama User','Maker'),(6,'127.0.0.1','MAKER03','$2y$08$P1JQb7.6Csohabc3Ncw.Tu0HrYPsEFwsBOnHXSzVu1iGN8Pb.WXkW',NULL,NULL,NULL,NULL,NULL,NULL,1268889823,1574405072,1,'USER','MK',NULL,NULL,'Nama User','Maker'),(7,'127.0.0.1','MAKER04','$2y$08$P1JQb7.6Csohabc3Ncw.Tu0HrYPsEFwsBOnHXSzVu1iGN8Pb.WXkW',NULL,NULL,NULL,NULL,NULL,NULL,1268889823,1574405072,1,'USER','MK',NULL,NULL,'Nama User','Maker'),(8,'127.0.0.1','MAKER05','$2y$08$P1JQb7.6Csohabc3Ncw.Tu0HrYPsEFwsBOnHXSzVu1iGN8Pb.WXkW',NULL,NULL,NULL,NULL,NULL,NULL,1268889823,1574405072,1,'USER','MK',NULL,NULL,'Nama User','Maker'),(9,'127.0.0.1','MAKER06','$2y$08$P1JQb7.6Csohabc3Ncw.Tu0HrYPsEFwsBOnHXSzVu1iGN8Pb.WXkW',NULL,NULL,NULL,NULL,NULL,NULL,1268889823,1574405072,1,'USER','MK',NULL,NULL,'Nama User','Maker'),(10,'127.0.0.1','MAKER07','$2y$08$P1JQb7.6Csohabc3Ncw.Tu0HrYPsEFwsBOnHXSzVu1iGN8Pb.WXkW',NULL,NULL,NULL,NULL,NULL,NULL,1268889823,1574405072,1,'USER','MK',NULL,NULL,'Nama User','Maker'),(11,'127.0.0.1','MAKER08','$2y$08$P1JQb7.6Csohabc3Ncw.Tu0HrYPsEFwsBOnHXSzVu1iGN8Pb.WXkW',NULL,NULL,NULL,NULL,NULL,NULL,1268889823,1574405072,1,'USER','MK',NULL,NULL,'Nama User','Maker'),(12,'127.0.0.1','MAKER09','$2y$08$P1JQb7.6Csohabc3Ncw.Tu0HrYPsEFwsBOnHXSzVu1iGN8Pb.WXkW',NULL,NULL,NULL,NULL,NULL,NULL,1268889823,1574405072,1,'USER','MK',NULL,NULL,'Nama User','Maker'),(13,'127.0.0.1','MAKER10','$2y$08$P1JQb7.6Csohabc3Ncw.Tu0HrYPsEFwsBOnHXSzVu1iGN8Pb.WXkW',NULL,NULL,NULL,NULL,NULL,NULL,1268889823,1574405072,1,'USER','MK',NULL,NULL,'Nama User','Maker'),(14,'127.0.0.1','CHEKER01','$2y$08$P1JQb7.6Csohabc3Ncw.Tu0HrYPsEFwsBOnHXSzVu1iGN8Pb.WXkW',NULL,NULL,NULL,NULL,NULL,NULL,1268889823,1574405072,1,'USER','SG',NULL,NULL,'Nama User','Cheker'),(15,'127.0.0.1','CHEKER02','$2y$08$P1JQb7.6Csohabc3Ncw.Tu0HrYPsEFwsBOnHXSzVu1iGN8Pb.WXkW',NULL,NULL,NULL,NULL,NULL,NULL,1268889823,1574405072,1,'USER','SG',NULL,NULL,'Nama User','Cheker'),(16,'127.0.0.1','TELLER01','$2y$08$P1JQb7.6Csohabc3Ncw.Tu0HrYPsEFwsBOnHXSzVu1iGN8Pb.WXkW',NULL,NULL,NULL,NULL,NULL,NULL,1268889823,1574405072,1,'USER','SG',NULL,NULL,'Nama User','Teller'),(17,'127.0.0.1','TELLER02','$2y$08$P1JQb7.6Csohabc3Ncw.Tu0HrYPsEFwsBOnHXSzVu1iGN8Pb.WXkW',NULL,NULL,NULL,NULL,NULL,NULL,1268889823,1574405072,1,'USER','SG',NULL,NULL,'Nama User','Teller');
/*!40000 ALTER TABLE `idn_users` ENABLE KEYS */;
UNLOCK TABLES;

--
-- Table structure for table `idn_users_groups`
--

DROP TABLE IF EXISTS `idn_users_groups`;
/*!40101 SET @saved_cs_client     = @@character_set_client */;
/*!50503 SET character_set_client = utf8mb4 */;
CREATE TABLE `idn_users_groups` (
  `id` int(11) unsigned NOT NULL AUTO_INCREMENT,
  `user_id` int(11) unsigned NOT NULL,
  `group_id` mediumint(8) unsigned NOT NULL,
  PRIMARY KEY (`id`),
  UNIQUE KEY `uc_users_groups` (`user_id`,`group_id`),
  KEY `fk_users_groups_users1_idx` (`user_id`),
  KEY `fk_users_groups_groups1_idx` (`group_id`),
  CONSTRAINT `fk_users_groups_groups` FOREIGN KEY (`group_id`) REFERENCES `idn_groups` (`id`) ON DELETE CASCADE,
  CONSTRAINT `fk_users_groups_users` FOREIGN KEY (`user_id`) REFERENCES `idn_users` (`id`) ON DELETE CASCADE
) ENGINE=InnoDB AUTO_INCREMENT=18 DEFAULT CHARSET=latin1;
/*!40101 SET character_set_client = @saved_cs_client */;

--
-- Dumping data for table `idn_users_groups`
--

LOCK TABLES `idn_users_groups` WRITE;
/*!40000 ALTER TABLE `idn_users_groups` DISABLE KEYS */;
INSERT INTO `idn_users_groups` VALUES (1,1,1),(2,2,1),(3,3,2),(4,4,3),(5,5,3),(6,6,3),(7,7,3),(8,8,3),(9,9,3),(10,10,3),(11,11,3),(12,12,3),(13,13,3),(14,14,4),(15,15,4),(16,16,5),(17,17,5);
/*!40000 ALTER TABLE `idn_users_groups` ENABLE KEYS */;
UNLOCK TABLES;

--
-- Table structure for table `mst_maker`
--

DROP TABLE IF EXISTS `mst_maker`;
/*!40101 SET @saved_cs_client     = @@character_set_client */;
/*!50503 SET character_set_client = utf8mb4 */;
CREATE TABLE `mst_maker` (
  `id` int(11) NOT NULL AUTO_INCREMENT,
  `id_surat` int(11) DEFAULT NULL,
  `id_mk` int(11) DEFAULT NULL,
  `nm_mk` varchar(75) DEFAULT NULL,
  `tgl_mk` date DEFAULT NULL,
  `id_kb` varchar(75) DEFAULT NULL,
  `nm_kb` varchar(45) DEFAULT NULL,
  `tgl_kb` date DEFAULT NULL,
  `id_sg` int(11) DEFAULT NULL,
  `nm_sg` varchar(75) DEFAULT NULL,
  `tgl_sg` date DEFAULT NULL,
  `id_tl` int(11) DEFAULT NULL,
  `nm_tl` varchar(75) DEFAULT NULL,
  `tgl_tl` date DEFAULT NULL,
  `reject_by` varchar(75) DEFAULT NULL,
  `reject_date` date DEFAULT NULL,
  PRIMARY KEY (`id`)
) ENGINE=InnoDB AUTO_INCREMENT=12 DEFAULT CHARSET=latin1;
/*!40101 SET character_set_client = @saved_cs_client */;

--
-- Dumping data for table `mst_maker`
--

LOCK TABLES `mst_maker` WRITE;
/*!40000 ALTER TABLE `mst_maker` DISABLE KEYS */;
INSERT INTO `mst_maker` VALUES (2,1,1,'Febri','2020-04-29',NULL,NULL,NULL,NULL,NULL,NULL,NULL,NULL,NULL,'Cheker01','2020-04-30'),(7,2,4,'Febri Hariyanto','2020-04-30',NULL,NULL,NULL,NULL,NULL,NULL,NULL,NULL,NULL,NULL,NULL),(11,3,4,'Febri Hariyanto','2020-05-05',NULL,NULL,NULL,NULL,NULL,NULL,NULL,NULL,NULL,NULL,NULL);
/*!40000 ALTER TABLE `mst_maker` ENABLE KEYS */;
UNLOCK TABLES;

--
-- Table structure for table `mst_surat`
--

DROP TABLE IF EXISTS `mst_surat`;
/*!40101 SET @saved_cs_client     = @@character_set_client */;
/*!50503 SET character_set_client = utf8mb4 */;
CREATE TABLE `mst_surat` (
  `id` int(11) NOT NULL AUTO_INCREMENT,
  `no_reg` varchar(45) DEFAULT NULL,
  `divisi_bagian` varchar(255) DEFAULT NULL,
  `keterangan` varchar(100) DEFAULT NULL,
  `nama_rek` varchar(100) DEFAULT NULL,
  `no_rek` varchar(50) DEFAULT NULL,
  `created_date` date DEFAULT NULL,
  `tgl_selesai` date DEFAULT NULL,
  PRIMARY KEY (`id`)
) ENGINE=InnoDB AUTO_INCREMENT=4 DEFAULT CHARSET=latin1;
/*!40101 SET character_set_client = @saved_cs_client */;

--
-- Dumping data for table `mst_surat`
--

LOCK TABLES `mst_surat` WRITE;
/*!40000 ALTER TABLE `mst_surat` DISABLE KEYS */;
INSERT INTO `mst_surat` VALUES (1,'2732PJB/MBP/03/2020','Divisi Pengadaan Barang & Jasa Kanpus BRI','Pemindahan Bukuan','Hutang Pengadaan Investasi','033333','2020-04-28',NULL),(2,'2732PJB/MBP/04/2020','Divisi Pengadaan Barang & Jasa Kanpus BRI','Pemindahan Bukuan','Hutang Pengadaan Investasi','033333','2020-04-29',NULL),(3,'2843BJMG/BMG/05/2020','Divisi Imam Tantowi','Pemindahan Bukuan','Hutang Pengadaan Barang','4444444444444','2020-05-04',NULL);
/*!40000 ALTER TABLE `mst_surat` ENABLE KEYS */;
UNLOCK TABLES;

--
-- Dumping events for database 'track_surat'
--

--
-- Dumping routines for database 'track_surat'
--
/*!40103 SET TIME_ZONE=@OLD_TIME_ZONE */;

/*!40101 SET SQL_MODE=@OLD_SQL_MODE */;
/*!40014 SET FOREIGN_KEY_CHECKS=@OLD_FOREIGN_KEY_CHECKS */;
/*!40014 SET UNIQUE_CHECKS=@OLD_UNIQUE_CHECKS */;
/*!40101 SET CHARACTER_SET_CLIENT=@OLD_CHARACTER_SET_CLIENT */;
/*!40101 SET CHARACTER_SET_RESULTS=@OLD_CHARACTER_SET_RESULTS */;
/*!40101 SET COLLATION_CONNECTION=@OLD_COLLATION_CONNECTION */;
/*!40111 SET SQL_NOTES=@OLD_SQL_NOTES */;

-- Dump completed on 2020-05-06 12:12:21
